,Classification,GS.Type,Site.Code,Genus.Code.x,Species.Code.x,Cultivar.Code.x,Species.Latin.x,DBH,Native_SLL,Native_ETF,Origin.Source,Comments
1,Public,Street,S120,AB,ABBA,ABBA,Abies balsamea,13,Y,Y,USDA/TC/LM,
2,Public,Street,S127,AC,ACNE,ACNE,Acer negundo,25,N,Y,USDA/TC/LM/Mortens,
3,Public,Parc,P1,AC,ACNI,ACNIGC,Acer nigrum 'Green Column',18,N,N,USDA/TC/LM,
4,Public,Street,S3,AC,ACPL,ACPL,Acer platanoides,20,N,N,USDA/TC,
5,Public,Street,S3,AC,ACPL,ACPL,Acer platanoides,20,N,N,USDA/TC,
6,Public,Street,S3,AC,ACPL,ACPL,Acer platanoides,20,N,N,USDA/TC,
7,Public,Street,S3,AC,ACPL,ACPL,Acer platanoides,20,N,N,USDA/TC,
8,Public,Street,S3,AC,ACPL,ACPL,Acer platanoides,20,N,N,USDA/TC,
9,Public,Street,S3,AC,ACPL,ACPL,Acer platanoides,20,N,N,USDA/TC,
10,Public,Street,S3,AC,ACPL,ACPL,Acer platanoides,20,N,N,USDA/TC,
11,Public,Street,S3,AC,ACPL,ACPL,Acer platanoides,20,N,N,USDA/TC,
12,Public,Street,S3,AC,ACPL,ACPL,Acer platanoides,20,N,N,USDA/TC,
13,Public,Street,S3,AC,ACPL,ACPL,Acer platanoides,20,N,N,USDA/TC,
14,Public,Street,S3,AC,ACPL,ACPL,Acer platanoides,20,N,N,USDA/TC,
15,Public,Street,S3,AC,ACPL,ACPL,Acer platanoides,20,N,N,USDA/TC,
16,Public,Street,S20,AC,ACPL,ACPLCO,Acer platanoides 'Columnare',5,N,N,USDA/TC,
17,Public,Street,S20,AC,ACPL,ACPLCO,Acer platanoides 'Columnare',5,N,N,USDA/TC,
18,Public,Street,S20,AC,ACPL,ACPLCO,Acer platanoides 'Columnare',5,N,N,USDA/TC,
19,Public,Street,S20,AC,ACPL,ACPLCO,Acer platanoides 'Columnare',5,N,N,USDA/TC,
20,Public,Street,S20,AC,ACPL,ACPLCO,Acer platanoides 'Columnare',5,N,N,USDA/TC,
21,Public,Street,S20,AC,ACPL,ACPLCO,Acer platanoides 'Columnare',5,N,N,USDA/TC,
22,Public,Street,S20,AC,ACPL,ACPLCO,Acer platanoides 'Columnare',5,N,N,USDA/TC,
23,Public,Street,S20,AC,ACPL,ACPLCO,Acer platanoides 'Columnare',5,N,N,USDA/TC,
24,Public,Street,S20,AC,ACPL,ACPLCO,Acer platanoides 'Columnare',5,N,N,USDA/TC,
25,Public,Street,S20,AC,ACPL,ACPLCO,Acer platanoides 'Columnare',5,N,N,USDA/TC,
26,Public,Street,S20,AC,ACPL,ACPLCO,Acer platanoides 'Columnare',5,N,N,USDA/TC,
27,Public,Street,S20,AC,ACPL,ACPLCO,Acer platanoides 'Columnare',5,N,N,USDA/TC,
28,Public,Parc,S73,AC,ACPL,ACPLDE,Acer platanoides 'Deborah',16,N,N,USDA/TC,
29,Public,Parc,S73,AC,ACPL,ACPLDE,Acer platanoides 'Deborah',16,N,N,USDA/TC,
30,Public,Parc,S73,AC,ACPL,ACPLDE,Acer platanoides 'Deborah',16,N,N,USDA/TC,
31,Public,Parc,S73,AC,ACPL,ACPLDE,Acer platanoides 'Deborah',16,N,N,USDA/TC,
32,Public,Parc,S73,AC,ACPL,ACPLDE,Acer platanoides 'Deborah',16,N,N,USDA/TC,
33,Public,Parc,S73,AC,ACPL,ACPLDE,Acer platanoides 'Deborah',16,N,N,USDA/TC,
34,Public,Parc,S73,AC,ACPL,ACPLDE,Acer platanoides 'Deborah',16,N,N,USDA/TC,
35,Public,Parc,S73,AC,ACPL,ACPLDE,Acer platanoides 'Deborah',16,N,N,USDA/TC,
36,Public,Parc,S73,AC,ACPL,ACPLDE,Acer platanoides 'Deborah',16,N,N,USDA/TC,
37,Public,Parc,S73,AC,ACPL,ACPLDE,Acer platanoides 'Deborah',16,N,N,USDA/TC,
38,Public,Parc,S73,AC,ACPL,ACPLDE,Acer platanoides 'Deborah',16,N,N,USDA/TC,
39,Public,Parc,S73,AC,ACPL,ACPLDE,Acer platanoides 'Deborah',16,N,N,USDA/TC,
40,Public,Street,S3,AC,ACPL,ACPLEQ,Acer platanoides 'Emerald Queen',6,N,N,USDA/TC,
41,Public,Street,S3,AC,ACPL,ACPLEQ,Acer platanoides 'Emerald Queen',6,N,N,USDA/TC,
42,Public,Street,S3,AC,ACPL,ACPLEQ,Acer platanoides 'Emerald Queen',6,N,N,USDA/TC,
43,Public,Street,S3,AC,ACPL,ACPLEQ,Acer platanoides 'Emerald Queen',6,N,N,USDA/TC,
44,Public,Street,S3,AC,ACPL,ACPLEQ,Acer platanoides 'Emerald Queen',6,N,N,USDA/TC,
45,Public,Street,S3,AC,ACPL,ACPLEQ,Acer platanoides 'Emerald Queen',6,N,N,USDA/TC,
46,Public,Street,S3,AC,ACPL,ACPLEQ,Acer platanoides 'Emerald Queen',6,N,N,USDA/TC,
47,Public,Street,S3,AC,ACPL,ACPLEQ,Acer platanoides 'Emerald Queen',6,N,N,USDA/TC,
48,Public,Street,S3,AC,ACPL,ACPLEQ,Acer platanoides 'Emerald Queen',6,N,N,USDA/TC,
49,Public,Street,S3,AC,ACPL,ACPLEQ,Acer platanoides 'Emerald Queen',6,N,N,USDA/TC,
50,Public,Street,S3,AC,ACPL,ACPLEQ,Acer platanoides 'Emerald Queen',6,N,N,USDA/TC,
51,Public,Street,S3,AC,ACPL,ACPLEQ,Acer platanoides 'Emerald Queen',6,N,N,USDA/TC,
52,Public,Street,S3,AC,ACSA,ACSA,Acer saccharinum,24,Y,Y,USDA/LM,
53,Public,Street,S3,AC,ACSA,ACSA,Acer saccharinum,24,Y,Y,USDA/LM,
54,Public,Street,S3,AC,ACSA,ACSA,Acer saccharinum,24,Y,Y,USDA/LM,
55,Public,Street,S3,AC,ACSA,ACSAPY,Acer saccharinum 'Pyramidalis',8,Y,Y,USDA/LM,
56,Public,Street,S3,AC,ACSA,ACSAPY,Acer saccharinum 'Pyramidalis',8,Y,Y,USDA/LM,
57,Public,Street,S3,AC,ACSA,ACSAPY,Acer saccharinum 'Pyramidalis',8,Y,Y,USDA/LM,
58,Public,Parc,P1,AC,ACSC,ACSC,Acer saccharum,5,Y,Y,TC/LM,
59,Public,Parc,P1,AC,ACSC,ACSC,Acer saccharum,5,Y,Y,TC/LM/Mortens,
60,Public,Parc,P1,AC,ACSC,ACSC,Acer saccharum,5,Y,Y,TC/LM,
61,Public,Street,S86,AC,ACTA,ACTA,Acer tataricum,5,N,N,USDA,
62,Public,Street,S8,AC,ACFR,ACFRAB,Acer x freemanii 'Autumn Blaze',5,Y,Y,Mortens/LM,Hybrid of silver &red
63,Public,Street,S8,AC,ACFR,ACFRAB,Acer x freemanii 'Autumn Blaze',5,Y,Y,Mortens/LM,Hybrid of silver &red
64,Public,Street,S8,AC,ACFR,ACFRAB,Acer x freemanii 'Autumn Blaze',5,Y,Y,Mortens/LM,Hybrid of silver &red
65,Public,Street,S8,AC,ACFR,ACFRAB,Acer x freemanii 'Autumn Blaze',5,Y,Y,Mortens/LM,Hybrid of silver &red
66,Public,Street,S8,AC,ACFR,ACFRAB,Acer x freemanii 'Autumn Blaze',5,Y,Y,LM/Mortons,Hybrid of silver &red
67,Public,Street,S8,AC,ACFR,ACFRAB,Acer x freemanii 'Autumn Blaze',5,Y,Y,Mortens/LM,Hybrid of silver &red
68,Public,Street,S8,AC,ACFR,ACFRAB,Acer x freemanii 'Autumn Blaze',5,Y,Y,LM/Mortons,Hybrid of silver &red
69,Public,Street,S75,AE,AEGL,AEGL,Aesculus glabra,11,N,Y,USDA/TC/LM,
70,Public,Street,S86,AL,ALGL,ALGL,Alnus glutinosa,5,N,N,USDA/TC,
71,Public,Parc,P3,AM,AM,AM,Amelanchier,7,Y,Y,NA,NA
72,Public,Street,S120,AM,AMCA,AMCA,Amelanchier canadensis,5,Y,Y,USDA/TC/LM,Synonym: Amelanchier arborea
73,Public,Street,S1,AM,AMGR,AMGR,Amelanchier x grandiflora,5,Y,Y,Mortens/LM/TC,Hybrid of native Amelanchier canadensis and laevis
74,Public,Street,S1,AM,AMGR,AMGR,Amelanchier x grandiflora,5,Y,Y,Mortens/LM/TC,Hybrid of native Amelanchier canadensis and laevis
75,Public,Street,S1,AM,AMGR,AMGR,Amelanchier x grandiflora,5,Y,Y,Mortens/LM/TC,Hybrid of native Amelanchier canadensis and laevis
76,Public,Street,S1,AM,AMGR,AMGR,Amelanchier x grandiflora,5,Y,Y,Mortens/LM/TC,Hybrid of native Amelanchier canadensis and laevis
77,Public,Street,S1,AM,AMGR,AMGRAB,Amelanchier x grandiflora 'Autumn Brillance',5,Y,Y,Mortens/LM/TC,Hybrid of native Amelanchier canadensis and laevis
78,Public,Street,S1,AM,AMGR,AMGRAB,Amelanchier x grandiflora 'Autumn Brillance',5,Y,Y,Mortens/LM/TC,Hybrid of native Amelanchier canadensis and laevis
79,Public,Street,S1,AM,AMGR,AMGRAB,Amelanchier x grandiflora 'Autumn Brillance',5,Y,Y,Mortens/LM/TC,Hybrid of native Amelanchier canadensis and laevis
80,Public,Street,S1,AM,AMGR,AMGRAB,Amelanchier x grandiflora 'Autumn Brillance',5,Y,Y,Mortens/LM/TC,Hybrid of native Amelanchier canadensis and laevis
81,Public,Street,S124,BE,BENI,BENIHE,Betula nigra 'Heritage',5,N,Y,USDA/LM/Mortens,
82,Public,Street,S124,BE,BENI,BENIHE,Betula nigra 'Heritage',5,N,Y,USDA/LM/Mortens,
83,Public,Street,S1,CA,CRCO,CRCO,Carya cordiformis,5,Y,Y,USDA,NA
84,Public,Street,S34,CA,CTSP,CTSP,Catalpa speciosa,6,N,Y,USDA/TC/LM,
85,Public,Street,S9,CE,CEOC,CEOC,Celtis occidentalis,24,Y,Y,USDA/LM/NRC,
86,Public,Street,S9,CE,CEOC,CEOC,Celtis occidentalis,24,Y,Y,LM/NRC/Mortons,
87,Public,Street,S55,CE,CDJA,CDJA,Cercidiphyllum japonicum,5,N,N,USDA/TC/Mortens,
88,Public,Street,S55,CE,CDJA,CDJA,Cercidiphyllum japonicum,5,N,N,USDA/TC/Mortens,
89,Public,Parc,P2,CR,CG,CG,Crataegus,9,NA,NA,NA,NA
90,Public,Parc,P2,CR,CGMO,CGMO,Crataegus x mordensis,6,N,N,TB,Hybrid of non-native C. laevigata and native C.succulenta
91,Public,Street,S2,FR,FRPE,FRPE,Fraxinus pennsylvanica,27,Y,Y,USDA/TC/Mortens/LM,
92,Public,Street,S2,FR,FRPE,FRPE,Fraxinus pennsylvanica,27,Y,Y,USDA/TC/Mortens/LM,
93,Public,Street,S2,FR,FRPE,FRPE,Fraxinus pennsylvanica,27,Y,Y,USDA/TC/LM,
94,Public,Street,S2,FR,FRPE,FRPE,Fraxinus pennsylvanica,27,Y,Y,USDA/TC/Mortens/LM,
95,Public,Street,S2,FR,FRPE,FRPE,Fraxinus pennsylvanica,27,Y,Y,USDA/TC/Mortens/LM,
96,Public,Street,S62,FR,FRPE,FRPEMS,Fraxinus pennsylvanica 'Marshall Seedless',29,Y,Y,USDA/TC/Mortens/LM,
97,Public,Street,S62,FR,FRPE,FRPEMS,Fraxinus pennsylvanica 'Marshall Seedless',29,Y,Y,USDA/TC/Mortens/LM,
98,Public,Street,S62,FR,FRPE,FRPEMS,Fraxinus pennsylvanica 'Marshall Seedless',29,Y,Y,USDA/TC/LM,
99,Public,Street,S62,FR,FRPE,FRPEMS,Fraxinus pennsylvanica 'Marshall Seedless',29,Y,Y,USDA/TC/Mortens/LM,
100,Public,Street,S62,FR,FRPE,FRPEMS,Fraxinus pennsylvanica 'Marshall Seedless',29,Y,Y,USDA/TC/Mortens/LM,
101,Public,Street,S90,FR,FRPE,FRPESU,Fraxinus pennsylvanica 'Summit',22,Y,Y,USDA/TC/Mortens/LM,
102,Public,Street,S90,FR,FRPE,FRPESU,Fraxinus pennsylvanica 'Summit',22,Y,Y,USDA/TC/Mortens/LM,
103,Public,Street,S90,FR,FRPE,FRPESU,Fraxinus pennsylvanica 'Summit',22,Y,Y,USDA/TC/LM,
104,Public,Street,S90,FR,FRPE,FRPESU,Fraxinus pennsylvanica 'Summit',22,Y,Y,USDA/TC/Mortens/LM,
105,Public,Street,S90,FR,FRPE,FRPESU,Fraxinus pennsylvanica 'Summit',22,Y,Y,USDA/TC/Mortens/LM,
106,Public,Street,S17,GI,GIBI,GIBI,Ginkgo biloba,5,N,N,Mortens/TC/USDA,
107,Public,Street,S17,GI,GIBI,GIBI,Ginkgo biloba,5,N,N,Mortens/TC/USDA,
108,Public,Street,S89,GI,GIBI,GIBIAG,Ginkgo biloba 'Autumn Gold',5,N,N,Mortens/TC/USDA,
109,Public,Street,S89,GI,GIBI,GIBIAG,Ginkgo biloba 'Autumn Gold',5,N,N,Mortens/TC/USDA,
110,Public,Street,S108,GL,GLTR,GLTR,Gleditsia triacanthos,20,N,Y,USDA/TC/LM,
111,Public,Street,S108,GL,GLTR,GLTR,Gleditsia triacanthos,20,N,Y,USDA/TC/LM/Mortens,
112,Public,Street,S108,GL,GLTR,GLTR,Gleditsia triacanthos,20,N,Y,USDA/LM,
113,Public,Street,S108,GL,GLTR,GLTR,Gleditsia triacanthos,20,N,Y,Mortens/LM,
114,Public,Street,S108,GL,GLTR,GLTR,Gleditsia triacanthos,20,N,Y,USDA/LM/Mortens,
115,Public,Street,S108,GL,GLTR,GLTR,Gleditsia triacanthos,20,N,Y,USDA/LM,
116,Public,Street,S108,GL,GLTR,GLTR,Gleditsia triacanthos,20,N,Y,USDA/TC/LM,
117,Public,Street,S108,GL,GLTR,GLTR,Gleditsia triacanthos,20,N,Y,USDA/LM/Mortens,
118,Public,Street,S108,GL,GLTR,GLTR,Gleditsia triacanthos,20,N,Y,USDA/LM/Mortens,
119,Public,Street,S46,GL,GLTR,GLTRNA,Gleditsia triacanthos 'Northern Acclaim',5,N,Y,USDA/TC/LM,
120,Public,Street,S46,GL,GLTR,GLTRNA,Gleditsia triacanthos 'Northern Acclaim',5,N,Y,USDA/TC/LM/Mortens,
121,Public,Street,S46,GL,GLTR,GLTRNA,Gleditsia triacanthos 'Northern Acclaim',5,N,Y,USDA/LM,
122,Public,Street,S46,GL,GLTR,GLTRNA,Gleditsia triacanthos 'Northern Acclaim',5,N,Y,Mortens/LM,
123,Public,Street,S46,GL,GLTR,GLTRNA,Gleditsia triacanthos 'Northern Acclaim',5,N,Y,USDA/LM/Mortens,
124,Public,Street,S46,GL,GLTR,GLTRNA,Gleditsia triacanthos 'Northern Acclaim',5,N,Y,USDA/LM,
125,Public,Street,S46,GL,GLTR,GLTRNA,Gleditsia triacanthos 'Northern Acclaim',5,N,Y,USDA/TC/LM,
126,Public,Street,S46,GL,GLTR,GLTRNA,Gleditsia triacanthos 'Northern Acclaim',5,N,Y,USDA/LM/Mortens,
127,Public,Street,S46,GL,GLTR,GLTRNA,Gleditsia triacanthos 'Northern Acclaim',5,N,Y,USDA/LM/Mortens,
128,Public,Parc,P1,GL,GLTR,GLTRSH,Gleditsia triacanthos 'Shademaster',5,N,Y,USDA/TC/LM,
129,Public,Parc,P1,GL,GLTR,GLTRSH,Gleditsia triacanthos 'Shademaster',5,N,Y,USDA/TC/LM/Mortens,
130,Public,Parc,P1,GL,GLTR,GLTRSH,Gleditsia triacanthos 'Shademaster',5,N,Y,USDA/LM,
131,Public,Parc,P1,GL,GLTR,GLTRSH,Gleditsia triacanthos 'Shademaster',5,N,Y,Mortens/LM,
132,Public,Parc,P1,GL,GLTR,GLTRSH,Gleditsia triacanthos 'Shademaster',5,N,Y,USDA/LM/Mortens,
133,Public,Parc,P1,GL,GLTR,GLTRSH,Gleditsia triacanthos 'Shademaster',5,N,Y,USDA/LM,
134,Public,Parc,P1,GL,GLTR,GLTRSH,Gleditsia triacanthos 'Shademaster',5,N,Y,USDA/TC/LM,
135,Public,Parc,P1,GL,GLTR,GLTRSH,Gleditsia triacanthos 'Shademaster',5,N,Y,USDA/LM/Mortens,
136,Public,Parc,P1,GL,GLTR,GLTRSH,Gleditsia triacanthos 'Shademaster',5,N,Y,USDA/LM/Mortens,
137,Public,Street,S6,GL,GLTR,GLTRSK,Gleditsia triacanthos 'Skyline',5,N,Y,USDA/TC/LM,
138,Public,Street,S6,GL,GLTR,GLTRSK,Gleditsia triacanthos 'Skyline',5,N,Y,USDA/TC/LM/Mortens,
139,Public,Street,S6,GL,GLTR,GLTRSK,Gleditsia triacanthos 'Skyline',5,N,Y,USDA/LM,
140,Public,Street,S6,GL,GLTR,GLTRSK,Gleditsia triacanthos 'Skyline',5,N,Y,Mortens/LM,
141,Public,Street,S6,GL,GLTR,GLTRSK,Gleditsia triacanthos 'Skyline',5,N,Y,USDA/LM/Mortens,
142,Public,Street,S6,GL,GLTR,GLTRSK,Gleditsia triacanthos 'Skyline',5,N,Y,USDA/LM,
143,Public,Street,S6,GL,GLTR,GLTRSK,Gleditsia triacanthos 'Skyline',5,N,Y,USDA/TC/LM,
144,Public,Street,S6,GL,GLTR,GLTRSK,Gleditsia triacanthos 'Skyline',5,N,Y,USDA/LM/Mortens,
145,Public,Street,S6,GL,GLTR,GLTRSK,Gleditsia triacanthos 'Skyline',5,N,Y,USDA/LM/Mortens,
146,Public,Street,S11,GL,GLTR,GLTRIN,Gleditsia triacanthos var. inermis,25,N,Y,USDA/TC/LM,
147,Public,Street,S11,GL,GLTR,GLTRIN,Gleditsia triacanthos var. inermis,25,N,Y,USDA/TC/LM/Mortens,
148,Public,Street,S11,GL,GLTR,GLTRIN,Gleditsia triacanthos var. inermis,25,N,Y,USDA/LM,
149,Public,Street,S11,GL,GLTR,GLTRIN,Gleditsia triacanthos var. inermis,25,N,Y,Mortens/LM,
150,Public,Street,S11,GL,GLTR,GLTRIN,Gleditsia triacanthos var. inermis,25,N,Y,USDA/LM/Mortens,
151,Public,Street,S11,GL,GLTR,GLTRIN,Gleditsia triacanthos var. inermis,25,N,Y,USDA/LM,
152,Public,Street,S11,GL,GLTR,GLTRIN,Gleditsia triacanthos var. inermis,25,N,Y,USDA/TC/LM,
153,Public,Street,S11,GL,GLTR,GLTRIN,Gleditsia triacanthos var. inermis,25,N,Y,USDA/LM/Mortens,
154,Public,Street,S11,GL,GLTR,GLTRIN,Gleditsia triacanthos var. inermis,25,N,Y,USDA/LM/Mortens,
155,Public,Street,S2,GY,GYDI,GYDI,Gymnocladus dioicus,5,N,Y,USDA/LM,
156,Public,Street,S2,GY,GYDI,GYDI,Gymnocladus dioicus,5,N,Y,USDA/LM/Mortens,
157,Public,Street,S95,JU,JUNI,JUNI,Juglans nigra,5,Y,Y,USDA/TC/LM/TIC,Very small native region in Saint-Lawrence Lowlands (KP)
158,Public,Parc,P2,MA,MAPR,MAPRRI,Malus prunifolia 'Rinki',11,N,N,Mortens,Synonym: Malus x moerlandsii 'Profusion'
159,Public,Parc,P2,MA,MARO,MAXXRO,Malus x 'Royalty',16,N,N,USDA/https://landscapeplants.oregonstate.edu/plants/malus-robusta,Hybrid of non-native M. baccata and non-native M. prunifolia
160,Public,Parc,P2,MA,MARO,MAXXRO,Malus x 'Royalty',16,N,N,USDA/https://landscapeplants.oregonstate.edu/plants/malus-robusta,Hybrid of non-native M. baccata and non-native M. prunifolia
161,Public,Parc,P3,MA,MATH,MAXXTH,Malus x 'Thunderchild',14,N,N,NA,NA
162,Public,Street,S84,OS,OSVI,OSVI,Ostrya virginiana,5,Y,Y,USDA/TC/LM,
163,Public,Street,S123,PI,PNNI,PNNIAU,Pinus nigra 'Austriaca',5,N,N,USDA/TC/Mortens,
164,Public,Street,S123,PI,PNNI,PNNIAU,Pinus nigra 'Austriaca',5,N,N,USDA/TC/Mortens,
165,Public,Street,S117,PI,PNST,PNST,Pinus strobus,5,Y,Y,USDA/TC/LM,
166,Public,Parc,P3,PO,POCA,POCA,Populus x canadensis (P. nigra x P. deltoides),87,N,N,USDA/TC/Mortens,NA
167,Public,Street,S53,PY,PYCA,PYCACH,Pyrus calleryana 'Glen's Form (Chantecleer),5,N,N,USDA/Mortens,
168,Public,Street,S53,PY,PYCA,PYCACH,Pyrus calleryana 'Glen's Form (Chantecleer),5,N,N,USDA/Mortens,
169,Public,Street,S53,PY,PYCA,PYCACH,Pyrus calleryana 'Glen's Form (Chantecleer),5,N,N,USDA/Mortens,
170,Public,Street,S21,QU,QUBI,QUBI,Quercus bicolor,5,Y,Y,USDA/TC/LM/NRC,
171,Public,Street,S4,QU,QUMA,QUMA,Quercus macrocarpa,5,Y,Y,USDA/TC/LM/NRC,
172,Public,Street,S26,QU,QURO,QURO,Quercus robur,5,N,N,USDA/TC/Mortens,
173,Public,Street,S26,QU,QURO,QURO,Quercus robur,5,N,N,Mortens,Hybrid of non-native Quercus robur and native Quercus alba
174,Public,Street,S26,QU,QURO,QURO,Quercus robur,5,N,N,USDA/TC/Mortens,
175,Public,Street,S19,QU,QURO,QUROFA,Quercus robur 'Fastigiata',33,N,N,USDA/TC/Mortens,
176,Public,Street,S19,QU,QURO,QUROFA,Quercus robur 'Fastigiata',33,N,N,Mortens,Hybrid of non-native Quercus robur and native Quercus alba
177,Public,Street,S19,QU,QURO,QUROFA,Quercus robur 'Fastigiata',33,N,N,USDA/TC/Mortens,
178,Public,Parc,P2,QU,QURU,QURU,Quercus rubra,5,Y,Y,TC/LM,
179,Public,Street,S6,RO,ROPS,ROPS,Robinia pseudoacacia,5,N,Y,TC/lLM/Mortens,
180,Public,Street,S7,SY,SYRE,SYRE,Syringa reticulata,5,N,N,USDA/Mortens,
181,Public,Street,S7,SY,SYRE,SYRE,Syringa reticulata,5,N,N,USDA/Mortens,
182,Public,Street,S7,SY,SYRE,SYRE,Syringa reticulata,5,N,N,USDA/Mortens,
183,Public,Street,S86,SY,SYRE,SYREIS,Syringa reticulata 'Ivory Silk',10,N,N,USDA/Mortens,
184,Public,Street,S86,SY,SYRE,SYREIS,Syringa reticulata 'Ivory Silk',10,N,N,USDA/Mortens,
185,Public,Street,S86,SY,SYRE,SYREIS,Syringa reticulata 'Ivory Silk',10,N,N,USDA/Mortens,
186,Public,Street,S14,TI,TIAM,TIAM,Tilia americana,42,Y,Y,Mortens/LM,
187,Public,Street,S14,TI,TIAM,TIAM,Tilia americana,42,Y,Y,Mortens/LM,
188,Public,Street,S14,TI,TIAM,TIAM,Tilia americana,42,Y,Y,USDA/TC/LM,
189,Public,Street,S4,TI,TICO,TICO,Tilia cordata,23,N,N,USDA,
190,Public,Street,S4,TI,TICO,TICO,Tilia cordata,23,N,N,USDA/Mortens,
191,Public,Street,S4,TI,TICO,TICO,Tilia cordata,23,N,N,USDA/Mortens,
192,Public,Street,S4,TI,TICO,TICO,Tilia cordata,23,N,N,Mortens,
193,Public,Street,S4,TI,TICO,TICO,Tilia cordata,23,N,N,USDA,
194,Public,Street,S102,TI,TICO,TICOGL,Tilia cordata 'Glenleven',31,N,N,USDA,
195,Public,Street,S102,TI,TICO,TICOGL,Tilia cordata 'Glenleven',31,N,N,USDA/Mortens,
196,Public,Street,S102,TI,TICO,TICOGL,Tilia cordata 'Glenleven',31,N,N,USDA/Mortens,
197,Public,Street,S102,TI,TICO,TICOGL,Tilia cordata 'Glenleven',31,N,N,Mortens,
198,Public,Street,S102,TI,TICO,TICOGL,Tilia cordata 'Glenleven',31,N,N,USDA,
199,Public,Street,S2,TI,TICO,TICOGR,Tilia cordata 'Greenspire',5,N,N,USDA,
200,Public,Street,S2,TI,TICO,TICOGR,Tilia cordata 'Greenspire',5,N,N,USDA/Mortens,
201,Public,Street,S2,TI,TICO,TICOGR,Tilia cordata 'Greenspire',5,N,N,USDA/Mortens,
202,Public,Street,S2,TI,TICO,TICOGR,Tilia cordata 'Greenspire',5,N,N,Mortens,
203,Public,Street,S2,TI,TICO,TICOGR,Tilia cordata 'Greenspire',5,N,N,USDA,
204,Public,Street,S19,TI,TICO,TICOSH,Tilia cordata 'Sheridan',15,N,N,USDA,
205,Public,Street,S19,TI,TICO,TICOSH,Tilia cordata 'Sheridan',15,N,N,USDA/Mortens,
206,Public,Street,S19,TI,TICO,TICOSH,Tilia cordata 'Sheridan',15,N,N,USDA/Mortens,
207,Public,Street,S19,TI,TICO,TICOSH,Tilia cordata 'Sheridan',15,N,N,Mortens,
208,Public,Street,S19,TI,TICO,TICOSH,Tilia cordata 'Sheridan',15,N,N,USDA,
209,Public,Street,S34,UL,UL,UL,Ulmus,5,NA,NA,NA,NA
210,Public,Street,S45,UL,ULAM,ULAM,Ulmus americana,57,Y,Y,USDA/TC/LM,
211,Public,Street,S16,UL,ULDA,ULDADI,Ulmus davidiana 'Discovery',5,N,N,USDA/Mortens,
212,Public,Street,S45,UL,ULPU,ULPU,Ulmus pumila,50,N,N,USDA/TC/LM,
213,Public,Street,S124,UL,ULPU,ULPUPR,Ulmus pumila 'Park Royal',50,N,N,USDA/TC/LM,
214,Public,Street,S37,UL,ULCA,ULXXCA,Ulmus X 'Cathedral' Ulmus pumila x parvifolia,5,N,N,NA,NA
215,Public,Street,S33,UL,ULHO,ULXXHO,Ulmus x 'Homestead',5,N,N,Mortens,
216,Public,Street,S33,UL,ULHO,ULXXHO,Ulmus x 'Homestead',5,N,N,Mortens/TB,"From the non-native U. x hollandica, non-native U. minor and non-native  U. pumila. Deemed non-invasive: Fast grower (Mortens) but does not state invasive, no invasive traits mentioned in TB either (KP)
"
217,Public,Street,S10,UL,ULMG,ULXXMG,Ulmus x 'Morton Glossy' (Triumph TM) (ulmus pumila),5,N,N,NA,NA
218,Public,Street,S13,UL,ULMO,ULXXMO,Ulmus x 'Morton' (Accolade TM),5,N,N,Mortons,
219,Public,Street,S30,UL,ULHO,ULHOPI,Ulmus x hollandica 'Pioneer',5,N,N,Mortens,
220,Public,Street,S30,UL,ULHO,ULHOPI,Ulmus x hollandica 'Pioneer',5,N,N,Mortens/TB,"From the non-native U. x hollandica, non-native U. minor and non-native  U. pumila. Deemed non-invasive: Fast grower (Mortens) but does not state invasive, no invasive traits mentioned in TB either (KP)
"
221,Public,Street,S30,UL,ULNH,ULXXNH,Ulmus x New Horizon,5,N,N,Mortens/TB,Hybrid of non-native U. japonica and non-native U. pumila. Deemed non-invasive: U. pumila heritage makes it susceptible to elm leaf beetle (TB) and tolerant to difficult conditions (Mortens)
222,Public,Parc,P1,ZE,ZESE,ZESE,Zelkova serrata,5,N,N,USDA/TC/Mortens,
223,Public,Parc,P1,ZE,ZESE,ZESE,Zelkova serrata,5,N,N,USDA/TC/Mortens,
224,Public,Street,S84,ZE,ZESE,ZESEGV,Zelkova serrata 'Green Vase',28,N,N,USDA/TC/Mortens,
225,Public,Street,S84,ZE,ZESE,ZESEGV,Zelkova serrata 'Green Vase',28,N,N,USDA/TC/Mortens,
226,Private,Private,R13,AC,ACPA,ACPA,Acer palmatum,35,N,N,USDA/TC/Mortens,
227,Private,Private,R13,SY,SYVU,SYVU,Syringa vulgaris,26.7,N,N,USDA/TC/Mortens,
228,Private,Private,R13,TH,THOC,THOC,Thuja occidentalis,20.8,Y,Y,USDA/TC/LM,
229,Private,Private,R13,TH,THOC,THOC,Thuja occidentalis,20.8,Y,Y,USDA/TC/LM,
230,Private,Private,R13,TH,THOC,THOC,Thuja occidentalis,20.8,Y,Y,USDA/TC/LM/Mortens,
231,Private,Private,R13,TH,THOC,THOC,Thuja occidentalis,20.8,Y,Y,USDA/TC/LM,
232,Private,Private,R13,MA,MA,MA,Magnolia x ,13.8,N,N,NA,NA
233,Private,Private,R13,BE,BEPA,BEPA,Betula papyrifera,49,Y,Y,USDA/TC/LM,
234,Private,Private,R14,PI,PIAB,PIAB,Picea abies,26.1,N,N,USDA/TC/Mortens,
235,Private,Private,R14,PI,PIAB,PIAB,Picea abies,26.1,N,N,USDA/TC/Mortens,
236,Private,Private,R14,PI,PIAB,PIAB,Picea abies,26.1,N,N,USDA/TC/Mortens,
237,Private,Private,R19,SO,SOTH,SOXXTH,Sorbus_x_thuringiaca (Sorbus aria x Sorbus aucuparia),50.2,N,N,https://forest.jrc.ec.europa.eu/media/atlas/Sorbus_aria.pdf,NA
238,Private,Private,R20,RH,RHTY,RHTY,Rhus typhina,5.9,Y,Y,https://www.fs.fed.us/database/feis/plants/tree/rhutyp/all.html,NA
239,Private,Private,R11,PR,PRVI,PRVI,Prunus virginiana,6,Y,Y,USDA/TC/LM,Synonym: Common chokecherry
240,Private,Private,R11,PR,PRVI,PRVI,Prunus virginiana,6,Y,Y,USDA/TC/Mortens/LM,
241,Private,Private,R11,PR,PRVI,PRVI,Prunus virginiana,6,Y,Y,Mortens/LM/TC,
242,Private,Private,R26,CU,CPCA,CPCA,Cupressus cashmeriana,9.1,Y,Y,TC/LM,
243,Private,Private,R26,CO,CTCO,CTCO,Cotinus coggygria,9.2,N,N,https://plants.ces.ncsu.edu/plants/cotinus-coggygria/,NA
244,Private,Private,R27,MO,MOAL,MOAL,Morus alba,24.7,N,N,USDA/TC/Mortens,
245,Private,Private,R32,TA,TACA,TACA,Taxus canadensis,5.3,Y,Y,USDA/TC/LM,
246,Private,Private,R35,RO,ROCA,ROCA,Rosa canina,13.3,N,N,https://www.sciencedirect.com/topics/immunology-and-microbiology/rosa-canina,NA
247,Private,Private,R35,PO,PODE,PODE,Populus deltoides,86.93,Y,Y,USDA/TC/LM,
248,Private,Private,R36,SO,SOAM,SOAM,Sorbus americana ,19.6,Y,Y,https://www.fs.fed.us/database/feis/plants/tree/sorame/all.html,NA
249,Private,Private,R38,PI,PIPU,PIPU,Picea pungens,23.9,N,N,USDA/TC/LM,
250,Private,Private,R38,PI,PIPU,PIPU,Picea pungens,23.9,N,N,USDA/TC/LM,
251,Private,Private,R38,PI,PIPU,PIPU,Picea pungens,23.9,N,N,USDA/TC/LM/Mortens,
252,Private,Private,R38,PI,PIPU,PIPU,Picea pungens,23.9,N,N,USDA/TC/LM,
253,Private,Private,R42,SO,SOAU,SOAU,Sorbus aucuparia,16.2,N,N,USDA/TC,
254,Private,Private,R42,SO,SOAU,SOAU,Sorbus aucuparia,16.2,N,N,USDA/TC/Mortens,
255,Private,Private,R42,SO,SOAU,SOAU,Sorbus aucuparia,16.2,N,N,USDA/TC/Mortens,
256,Private,Private,R48,MA,MASY,MASY,Malus sylvestris,24.3,N,N,USDA/TC,Synonym: Malus pumila & Malus domestica
257,Private,Private,R48,AM,AMAR,AMAR,Amelanchier arborea,5.9,Y,Y,Nhttps://www.fs.fed.us/database/feis/plants/tree/amearb/all.htmlA,NA
258,Private,Private,R56,CA,CAAB,CAAB,Caragana arborescens,6.3,N,N,https://treecanada.ca/resources/tree-killers/siberian-peashrub/,NA
259,Private,Private,R57,PR,PRCE,PRCE,Prunus cerasifera,10,N,N,USDA/TB,
260,Private,Private,R57,PR,PRCE,PRCE,Prunus cerasifera,10,N,N,USDA,
261,Private,Private,R62,UL,ULRU,ULRU,Ulmus rubra,48.7,Y,Y,https://www.fs.fed.us/database/feis/plants/tree/ulmrub/all.html,NA
262,Private,Private,R63,SA,SACA,SACA,Sambucus canadensis,5,Y,Y,NA,NA
263,Private,Private,R65,MO,MORU,MORU,Morus rubra,8.7,N,Y,https://www.srs.fs.usda.gov/pubs/misc/ag_654/volume_2/morus/rubra.htm,NA
264,Private,Private,R66,AE,AEHI,AEHI,Aesculus hippocastanum,38.1,N,N,USDA/TC/Mortens,
265,Private,Private,R67,SA,SAHU,SAHU,Salix humboldtiana,13.7,N,N,http://orton.catie.ac.cr/repdoc/A0008S/A0008S73.PDF,NA
266,Private,Private,R67,EU,EUAL,EUAL,Euonymus alatus,20.9,N,N,USDA/TC,
267,Private,Private,R67,RH,RHAR,RHAR,Rhus aromatica,3.9,Y,Y,https://www.fs.fed.us/database/feis/plants/shrub/rhuaro/all.html,NA
268,Private,Private,R67,JU,JUVI,JUVI,Juniperus virginiana,8.5,Y,Y,https://www.fs.fed.us/database/feis/plants/tree/junvir/all.html,NA
269,Private,Private,R72,PO,PONI,PONI,Populus Nigra,159.5,N,N,USDA/TC/Mortens,
270,Private,Private,R73,LO,LOPE,LOPER,Lonicera periclymenum,7,N,N,https://www.missouribotanicalgarden.org/PlantFinder/PlantFinderDetails.aspx?taxonid=372017&isprofile=0&=,NA
271,Private,Private,R74,MA,MAIO,MAIO,Malus ioensis,32.5,N,Y,http://bonap.net/Napa/TaxonMaps/Genus/County/Malus,NA
272,Private,Private,R82,MA,MGSO,MGXXSO,Magnolia × soulangeana,15.2,N,N,TB/Mortens,Hybrid of non-native M. denudata × M. liliiflora
273,Private,Private,R83,UL,ULMI,ULMI,Ulmus minor Mill.,4.8,N,N,https://spain.inaturalist.org/taxa/79461-Ulmus-minor,NA
274,Private,Private,R86,PR,PRAV,PRAV,Prunus avium ,2.5,N,N,USDA/TC,
275,Private,Private,R86,AM,AMSA,AMSA,Amelanchier sanguinea,19,Y,Y,NA,NA
276,Private,Private,R3,BE,BEPO,BEPO,Betula populifolia,13.9,Y,Y,USDA/TC/Mortens,
277,Private,Private,R3,EU,EUEU,EUEU,Euonymus europaeus,11.4,N,N,USDA/TC/Mortens,
278,Private,Private,R90,SA,SAAL,SAAL,Salix alba,50.6,N,N,USDA/Mortens,
279,Private,Private,R7,LI,LIVU,LIVU,Ligustrum vulgare,4.9,N,N,https://www.invasiveplantatlas.org/subject.html?sub=3036,NA
280,Private,Private,R4,AC,ACFR,ACFR,Acer × freemanii,45.4,Y,Y,Mortens/LM,Hybrid of silver &red
281,Private,Private,R4,AC,ACFR,ACFR,Acer × freemanii,45.4,Y,Y,Mortens/LM,Hybrid of silver &red
282,Private,Private,R4,AC,ACFR,ACFR,Acer × freemanii,45.4,Y,Y,Mortens/LM,Hybrid of silver &red
283,Private,Private,R4,AC,ACFR,ACFR,Acer × freemanii,45.4,Y,Y,Mortens/LM,Hybrid of silver &red
284,Private,Private,R4,AC,ACFR,ACFR,Acer × freemanii,45.4,Y,Y,LM/Mortons,Hybrid of silver &red
285,Private,Private,R4,AC,ACFR,ACFR,Acer × freemanii,45.4,Y,Y,Mortens/LM,Hybrid of silver &red
286,Private,Private,R4,AC,ACFR,ACFR,Acer × freemanii,45.4,Y,Y,LM/Mortons,Hybrid of silver &red
287,Private,Private,R94,PI,PIMA,PIMA,Picea mariana,13.7,Y,Y,USDA/TC/LM,
288,Private,Private,R94,VI,VIAC,VIAC,Viburnum acerifolium,15.8,Y,Y,Nhttps://plants.ces.ncsu.edu/plants/viburnum-acerifolium/A,NA
289,Private,Private,R103,FR,FRPR,FRPR,Fraxinus profunda,17.4,N,Y,USDA,
290,Private,Private,R9,PR,PRPE,PRPE,Prunus pensylvanica,18.7,N,N,USDA/TB,
291,Private,Private,R110,AC,ACRU,ACRU,Acer rubrum,24.8,Y,Y,USDA/LM/TC,
292,Private,Private,R110,AC,ACRU,ACRU,Acer rubrum,24.8,Y,Y,USDA/LM/TC,
293,Private,Private,R113,AR,ARSP,ARSP,Aralia Spinosa,4.1,N,Y,https://www.fs.fed.us/database/feis/plants/tree/araspi/all.html,NA
294,Private,Private,R114,JU,JUCI,JUCI,Juglans cinerea,60.5,Y,Y,USDA/TC/LM,
295,Private,Private,R115,HY,HYAR,HYAR,Hydrangea_arborescens,6.7,N,Y,https://www.fs.fed.us/wildflowers/plant-of-the-week/hydrangea-arborescens.shtml,NA
296,Private,Private,R117,PI,PNNI,PNNI,Pinus nigra,26,N,N,USDA/TC/Mortens,
297,Private,Private,R117,PI,PNNI,PNNI,Pinus nigra,26,N,N,USDA/TC/Mortens,
298,Private,Private,R118,PI,PIGL,PIGL,Picea glauca,46,Y,Y,USDA/TC/LM,
299,Private,Private,R118,RH,RHCA,RHCA,Rhamnus cathartica,9.7,N,N,USDA/TC/Mortens,
300,Private,Private,R118,MA,MADA,MAXXDA,Magnolia x 'Daybreak',5,N,N,NA,NA
301,Private,Private,R118,HY,HY,HY,Hydrangea x,5.1,NA,NA,NA,NA
302,Private,Private,R118,AC,ACGI,ACGI,Acer ginnala,3.3,N,N,USDA/TC/Mortens,
303,Private,Private,R118,AC,ACGI,ACGI,Acer ginnala,3.3,N,N,USDA/TC/Mortens,
304,Private,Private,R118,AC,ACGI,ACGI,Acer ginnala,3.3,N,N,USDA/TC/Mortens,
305,Private,Private,R118,PI,PNRE,PNRE,Pinus resinosa,46,Y,Y,USDA/TC/LM,
306,Private,Private,R127,MA,ST,ST,Magnolia stellata,29.1,N,N,NA,NA
307,Private,Private,R128,MA,MAKO,MAKO,Magnolia_kobus,35,N,N,NA,NA
308,Private,Private,R128,TS,TSCA,TSCA,Tsuga caroliana ,21.3,Y,Y,USDA/TC.LM,
309,Private,Private,R129,PR,PRCS,PRCR,Prunus cerasus,29.8,N,N,N,USDA/TC
310,Private,Private,R132,LO,EU,LOPE,Lonicera periclymenum,8.8,N,N,N,NA
311,Private,Private,R132,CO,COAL,COAL,Cornus alternifolia,13,Y,Y,https://www.missouribotanicalgarden.org/PlantFinder/PlantFinderDetails.aspx?kempercode=b992,NAhttps://www.missouribotanicalgarden.org/PlantFinder/PlantFinderDetails.aspx?kempercode=b992
312,Private,Private,R136,SY,SYPU,SYPU,Syringa pubescens,3.6,N,N,https://plants.ces.ncsu.edu/plants/syringa-pubescens-subsp-pubescens/,NA
313,Private,Private,R136,PR,PRDO,PRDO,Prunus domestica,11,N,N,https://www.ncbi.nlm.nih.gov/pmc/articles/PMC6312543/,
314,Private,Private,R136,HE,HEMI,HEMI,Heptacodium miconioides,5.1,N,N,http://www.dendrology.org/publications/tree-of-the-year/heptacodium-miconioides-2012/,NA
315,Private,Private,R137,HY,HYPA,HYPA,Hydrangea_peniculata,9.3,N,N,USDA/Mortens,
316,Private,Private,R143,PR,PR,PR,Prunus x ,4.6,NA,NA,NA,NA
317,Private,Private,R146,CR,CGPU,CGPU,Crataegus punctata,3.6,Y,Y,USDA/TC/NRC/ http://www.efloras.org/object_page.aspx?object_id=126879&flora_id=1 / https://www.wildflower.org/plants/result.php?id_plant=CRPU,Refer to websites in Origin Source column: found in Quebec and Ontario therefore deemed native to the saint-Laurence Lowlands (KP)
318,Private,Private,R151,BR,BRPA,BRPA,Broussonetia papyrifera,5,N,N,http://www.efloras.org/florataxon.aspx?flora_id=1&taxon_id=200006341,NA
319,Private,Private,R152,PI,PIBA,PIBA,Pinus banksiana,14.1,Y,Y,https://srs.fs.usda.gov/pubs/misc/ag_654/volume_1/pinus/banksiana.htm,NA
320,Private,Private,R154,TI,TIAM,TIAMHE,Tilia americana var. heterophylla,95,Y,Y,Mortens/LM,
321,Private,Private,R154,TI,TIAM,TIAMHE,Tilia americana var. heterophylla,95,Y,Y,Mortens/LM,
322,Private,Private,R154,TI,TIAM,TIAMHE,Tilia americana var. heterophylla,95,Y,Y,USDA/TC/LM,
323,Private,Private,R155,PI,PIRU,PIRU,Picea rubens,52.7,Y,Y,USDA/TC/LM,
324,Private,Private,R156,LA,LADE,LADE,Larix decidua,37,N,N,USDA/TC/Mortens,
325,Private,Private,R156,PI,PNSY,PNSY,Pinus sylvestris,22.2,N,N,USDA/TC/Mortens,
326,Private,Private,R156,CE,CECA,CECA,Cercis canadensis,49.4,N,Y,https://www.srs.fs.usda.gov/pubs/misc/ag_654/volume_2/cercis/canadensis.htm,NA
327,Private,Private,R161,WE,WE,WE,Weigela x ,10.4,N,Y,NA,NA
328,Private,Private (Alley),A1,UL,ULLA,ULLA,Ulmus laevis,29.2,N,N,http://www.euforgen.org/species/ulmus-laevis/,
329,Private,Private (Alley),A1,FR,FRAM,FRAM,Fraxinus americana,51.6,Y,Y,USDA/TC/LM,
330,Private,Private (Alley),A1,FR,FRAM,FRAM,Fraxinus americana,51.6,Y,Y,USDA/TC/LM,
331,Private,Private (Alley),A1,FR,FRAM,FRAM,Fraxinus americana,51.6,Y,Y,USDA/TC/LM,
332,Private,Private (Alley),A1,FR,FRAM,FRAM,Fraxinus americana,51.6,Y,Y,USDA/TC/LM,
333,Private,Private (Alley),A1,FR,FRAM,FRAM,Fraxinus americana,51.6,Y,Y,USDA/TC/LM,
334,Private,Private (Alley),A6,CO,COSA,COSA,Cornus sanquinea,12.6,N,N,NA,NA
335,Private,Institutional,I6,MA,MASS,MAXXSS,Malus_x_'Spring_Snow',4,N,N,NA,NA
336,Private,Institutional,I6,LA,LALA,LALA,Larix laricina,48,Y,Y,USDA/TC/LM,
337,Private,Institutional,I6,BE,BEPE,BEPE,Betula pendula,9,N,N,USDA/TC/Mortens,
338,Private,Institutional,I1,EL,ELAN,ELAN,Elaeagnus angustifolia,5,N,N,https://www.missouribotanicalgarden.org/PlantFinder/PlantFinderDetails.aspx?taxonid=279922,NA
339,Private,Institutional,I1,SA,SADI,SADI,Salix discolor,27.3,Y,Y,USDA/LM,
340,Private,Institutional,I1,FA,FAGR,FAGR,Fagus Grandifolia,17.2,Y,Y,USDA/TC/LM,
341,Private,Private (Alley),A13,RH,RHGL,RHGL,Rhus glabra,4.6,Y,Y,https://plants.sc.egov.usda.gov/home/plantProfile?symbol=RHGL,NA